,ID,chain,state,time,full_emp,part_emp
1,46,BK,PA,0,30,15
2,49,KFC,PA,0,6.5,6.5
3,506,KFC,NJ,0,3,7
4,56,Wendys,NJ,0,20,20
5,61,Wendys,NJ,0,6,26
6,62,Wendys,NJ,0,0,31
7,445,BK,PA,0,50,35
8,451,BK,PA,0,10,17
9,455,KFC,NJ,0,2,8
10,458,KFC,NJ,0,2,10
11,462,Roys,NJ,0,2.5,20
12,468,BK,PA,0,40,30
13,469,BK,PA,0,8,27
14,470,BK,PA,0,10.5,30
15,474,BK,PA,0,6,9
16,481,KFC,NJ,0,5,17.5
17,483,KFC,NJ,0,1,15
18,487,Roys,NJ,0,10,6
19,488,Roys,PA,0,20,13
20,489,Roys,PA,0,5,23
21,490,Roys,NJ,0,10,12.5
22,493,Roys,NJ,0,27,12
23,495,Roys,PA,0,4,28
24,496,Roys,NJ,0,10,15
25,499,Wendys,NJ,0,0,28
26,509,Roys,NJ,0,3,16
27,515,Roys,NJ,0,7,16
28,37,BK,PA,0,21,9
29,39,BK,PA,0,1,32
30,40,BK,PA,0,10,20
31,41,BK,PA,0,0,27
32,42,BK,PA,0,17,4
33,45,BK,PA,0,0,24
34,47,BK,PA,0,25,15
35,48,BK,PA,0,6,20
36,50,KFC,PA,0,6,10
37,51,KFC,PA,0,0,15
38,57,Wendys,NJ,0,30,10
39,58,Wendys,NJ,0,8,25
40,59,Wendys,PA,0,0,15
41,60,Wendys,PA,0,10,20
42,407,KFC,NJ,0,2,12
43,430,BK,PA,0,20,25
44,432,BK,PA,0,20,55
45,433,BK,PA,0,10,30
46,434,BK,PA,0,15,50
47,435,BK,PA,0,1,37.5
48,438,KFC,PA,0,0,9
49,440,Wendys,PA,0,0,25
50,441,Wendys,PA,0,30,10
51,443,Wendys,PA,0,4,19
52,444,Wendys,PA,0,12,20
53,446,BK,PA,0,NA,NA
54,448,BK,PA,0,8,18
55,449,BK,PA,0,0,25
56,450,BK,PA,0,2,21
57,454,KFC,NJ,0,1,9
58,459,Roys,NJ,0,5,20
59,466,Wendys,PA,0,8,17.5
60,471,BK,PA,0,25,20
61,472,BK,PA,0,37.5,2
62,473,BK,PA,0,5,27
63,475,BK,PA,0,25,8
64,476,BK,PA,0,6,30
65,477,BK,PA,0,8,28
66,478,BK,PA,0,32,25
67,485,KFC,NJ,0,1,9
68,491,Roys,PA,0,4,25
69,492,Roys,NJ,0,2,16
70,497,Wendys,NJ,0,12,15
71,498,Wendys,NJ,0,20,10
72,501,BK,PA,0,14,15
73,503,BK,PA,0,7.5,14
74,510,Roys,NJ,0,7,25
75,511,Roys,NJ,0,4,16
76,514,Roys,PA,0,5,20
77,516,Roys,NJ,0,6,22.5
78,521,BK,PA,0,2.5,20
79,522,BK,PA,0,2,30
80,113,BK,PA,0,0,22
81,123,BK,PA,0,0,20
82,135,Roys,PA,0,10,20
83,138,Roys,NJ,0,4.5,25.5
84,153,BK,PA,0,0,25
85,181,KFC,PA,0,0,13
86,191,Wendys,PA,0,30,20
87,231,BK,PA,0,NA,10
88,236,BK,PA,0,0,34
89,254,Wendys,PA,0,20,10
90,255,Wendys,PA,0,0,14
91,294,BK,PA,0,0,35
92,306,Roys,NJ,0,15,15
93,311,Wendys,PA,0,0,30
94,315,BK,PA,0,5,19
95,335,BK,NJ,0,9,10
96,372,BK,NJ,0,0,45
97,6,Roys,NJ,0,2,2
98,14,KFC,PA,0,10,8
99,26,BK,PA,0,30,15
100,27,KFC,NJ,0,4,10
101,30,KFC,PA,0,6,4
102,31,KFC,PA,0,4,16
103,33,Roys,PA,0,12,20
104,36,Wendys,PA,0,8,12
105,77,Roys,PA,0,6,50
106,78,Roys,NJ,0,13,10
107,81,Wendys,PA,0,25,13
108,82,Wendys,PA,0,8,14.5
109,83,Wendys,PA,0,12.5,20
110,85,BK,PA,0,7,20
111,89,BK,NJ,0,10,6
112,94,KFC,PA,0,0,25
113,103,Wendys,PA,0,12.5,10
114,112,Wendys,PA,0,4,26
115,128,KFC,NJ,0,6.5,7.5
116,129,Roys,PA,0,20,20
117,131,Roys,PA,0,15,25
118,139,Wendys,PA,0,NA,NA
119,143,Wendys,PA,0,0,30
120,144,Wendys,PA,0,10,30
121,145,BK,PA,0,5,17
122,147,BK,PA,0,8.5,6.5
123,148,BK,PA,0,4.5,30
124,151,BK,PA,0,1,12
125,152,BK,PA,0,35,15
126,157,KFC,PA,0,10,5
127,161,Roys,NJ,0,8,25
128,163,Roys,NJ,0,12,18
129,164,Roys,NJ,0,4,30
130,165,Wendys,PA,0,20,10
131,169,BK,NJ,0,12,33
132,170,BK,NJ,0,10,20
133,187,Roys,PA,0,4,20
134,190,Roys,NJ,0,5,42
135,196,Wendys,NJ,0,8,19
136,197,BK,PA,0,23,10
137,234,BK,PA,0,0,10
138,240,Roys,NJ,0,15,35
139,241,Roys,PA,0,15,25
140,242,Roys,NJ,0,25,10
141,245,Roys,PA,0,15,8
142,259,BK,PA,0,13,12
143,268,BK,NJ,0,10,18
144,271,KFC,NJ,0,0,13
145,272,KFC,NJ,0,4,11
146,274,KFC,NJ,0,0,15
147,276,KFC,NJ,0,5,10
148,296,BK,NJ,0,5,16
149,299,KFC,NJ,0,3,8
150,301,KFC,NJ,0,8,12
151,320,KFC,PA,0,5,9
152,321,KFC,PA,0,3,14
153,324,Roys,PA,0,20,46
154,326,Roys,NJ,0,18,45
155,330,Wendys,PA,0,4,16
156,334,BK,PA,0,10,10
157,349,Roys,NJ,0,2.5,27
158,354,Wendys,PA,0,14,7
159,356,Wendys,PA,0,11.5,10
160,357,Wendys,PA,0,4.5,20
161,371,BK,PA,0,12,23
162,373,BK,NJ,0,14,12
163,375,BK,PA,0,25,10
164,378,BK,NJ,0,10,8
165,381,BK,PA,0,10,20
166,403,Roys,NJ,0,13,31
167,406,Wendys,NJ,0,12,35
168,407,Wendys,NJ,0,5,10
169,409,BK,PA,0,3,60
170,1,BK,PA,0,16,30
171,2,BK,PA,0,10,6
172,3,KFC,PA,0,6,13
173,4,Roys,PA,0,10,12
174,5,Roys,PA,0,5,30
175,8,Wendys,PA,0,NA,25
176,9,BK,PA,0,12,40
177,10,BK,PA,0,15,20
178,11,BK,PA,0,10,30
179,12,BK,PA,0,6.5,23.5
180,13,KFC,PA,0,0,25
181,15,Roys,PA,0,3,25
182,16,Roys,PA,0,6,22
183,17,Roys,PA,0,0,20
184,18,Roys,PA,0,15,25
185,19,BK,PA,0,4,31
186,21,KFC,PA,0,5,12
187,22,Roys,PA,0,3,15
188,23,BK,PA,0,0,25
189,24,BK,PA,0,15,15
190,28,KFC,PA,0,0,14
191,29,KFC,PA,0,0,7
192,32,Roys,PA,0,10,20.5
193,34,Roys,NJ,0,5,15
194,35,Wendys,PA,0,25,6.5
195,38,BK,PA,0,15,20
196,63,BK,NJ,0,26,6
197,64,BK,PA,0,20,15
198,65,BK,PA,0,0,20
199,66,BK,PA,0,15,18
200,67,BK,PA,0,5,15
201,68,BK,PA,0,30,10
202,69,BK,PA,0,0,27
203,70,BK,PA,0,35,20
204,71,BK,PA,0,0,35
205,73,KFC,PA,0,0,7
206,75,KFC,PA,0,3,15
207,76,Roys,NJ,0,8,32
208,79,Roys,NJ,0,6,25
209,80,Wendys,PA,0,4.5,20
210,84,BK,PA,0,4,30
211,86,BK,PA,0,11,11
212,87,BK,PA,0,0,15
213,88,BK,PA,0,3,35
214,91,BK,NJ,0,8,22
215,92,BK,NJ,0,4,18
216,93,BK,NJ,0,2.5,30
217,95,KFC,PA,0,18,3
218,96,KFC,PA,0,0,15
219,97,KFC,PA,0,0,12
220,98,KFC,PA,0,0,20
221,99,Roys,NJ,0,60,40
222,101,Roys,PA,0,4.5,15
223,102,Roys,PA,0,12,13
224,104,Wendys,PA,0,40,20
225,105,BK,PA,0,0,40
226,106,BK,PA,0,0,35
227,107,BK,NJ,0,6,11
228,108,BK,PA,0,13.5,15
229,111,Roys,PA,0,17,14
230,114,BK,PA,0,0,35
231,115,BK,PA,0,20,25
232,116,BK,PA,0,4,22.5
233,118,BK,PA,0,10,15
234,119,BK,PA,0,12,19
235,120,BK,NJ,0,0,32
236,122,BK,PA,0,1,38
237,124,BK,PA,0,8,10
238,125,KFC,PA,0,15,0
239,130,Roys,NJ,0,7,25.5
240,132,Roys,NJ,0,20,20
241,133,Roys,NJ,0,6,16
242,134,Roys,PA,0,5.5,25
243,136,Roys,NJ,0,14.5,14.5
244,137,Roys,NJ,0,15,25
245,140,Wendys,PA,0,0,40
246,141,Wendys,PA,0,10,15
247,142,Wendys,PA,0,15,35
248,146,BK,PA,0,8,20
249,149,BK,PA,0,0,20
250,150,BK,PA,0,0,27.5
251,156,BK,PA,0,8,15
252,158,KFC,PA,0,2,7
253,159,KFC,PA,0,6,12
254,162,Roys,NJ,0,0,40
255,166,Wendys,PA,0,8,32
256,168,BK,PA,0,5,20
257,171,BK,NJ,0,2,32
258,172,BK,PA,0,0,24
259,173,BK,PA,0,6,40
260,174,BK,PA,0,11,20
261,176,BK,PA,0,15,21
262,178,KFC,NJ,0,13,12
263,179,KFC,PA,0,2,12
264,180,KFC,PA,0,8,3
265,182,KFC,PA,0,3,15
266,183,KFC,PA,0,12,4
267,185,KFC,PA,0,2,9
268,186,Roys,PA,0,10,20
269,189,Roys,PA,0,4,15
270,192,Wendys,PA,0,20,10
271,193,Wendys,PA,0,1,13
272,195,Wendys,PA,0,0,30
273,198,BK,PA,0,NA,NA
274,199,KFC,PA,0,0,12
275,200,BK,PA,0,0,60
276,201,BK,PA,0,0,33
277,202,BK,PA,0,30,14
278,203,BK,PA,0,9,12
279,204,BK,PA,0,10,8.5
280,207,KFC,NJ,0,8,10
281,208,Roys,NJ,0,12,32
282,209,Roys,NJ,0,4,36
283,210,Wendys,NJ,0,0,19
284,211,BK,PA,0,3,28
285,212,BK,PA,0,11,17.5
286,213,BK,NJ,0,4.5,20
287,214,BK,PA,0,2,30
288,215,BK,PA,0,10,10
289,216,KFC,PA,0,2,11
290,217,KFC,NJ,0,2,13
291,218,KFC,NJ,0,7,4
292,219,KFC,NJ,0,3,9
293,220,KFC,PA,0,3,15
294,221,KFC,PA,0,1,28
295,222,Roys,NJ,0,2,24
296,223,Roys,NJ,0,3,18
297,225,Roys,NJ,0,3,27
298,226,Wendys,PA,0,0,22
299,228,Wendys,PA,0,3,28.5
300,229,BK,PA,0,3,40
301,230,BK,PA,0,0,25
302,232,BK,PA,0,18,6
303,233,BK,PA,0,19,7
304,235,BK,PA,0,5,17
305,237,BK,PA,0,12,11
306,238,KFC,NJ,0,0,22
307,239,KFC,PA,0,15,4
308,243,Roys,NJ,0,7,25
309,244,Roys,NJ,0,12,30
310,247,Wendys,PA,0,0,40
311,248,Wendys,PA,0,8,16
312,249,BK,PA,0,6,6
313,250,KFC,NJ,0,1,4
314,253,Roys,NJ,0,7,7
315,257,BK,PA,0,20,10
316,258,BK,PA,0,4,22
317,260,BK,NJ,0,10,20
318,262,BK,PA,0,7,13
319,264,BK,PA,0,0,10
320,265,BK,PA,0,0,20
321,267,BK,PA,0,6.5,20
322,269,KFC,NJ,0,2,10
323,273,KFC,NJ,0,2,14
324,275,KFC,NJ,0,4,4
325,277,KFC,NJ,0,2,15
326,278,KFC,NJ,0,3,4
327,282,Roys,NJ,0,2,14
328,284,Roys,NJ,0,5,23
329,285,Roys,NJ,0,3,25
330,286,Roys,NJ,0,1,15
331,287,Roys,NJ,0,3,18
332,288,Roys,NJ,0,0,20
333,289,Roys,NJ,0,2,12
334,290,Wendys,PA,0,8,12
335,291,Wendys,PA,0,4,20
336,292,Wendys,PA,0,10,15
337,295,BK,PA,0,8,9
338,297,BK,NJ,0,9,15
339,303,Roys,NJ,0,10,35
340,304,Roys,PA,0,10,20
341,305,Roys,NJ,0,0,20
342,307,Roys,NJ,0,17.5,17.5
343,310,Wendys,PA,0,0,28
344,312,BK,PA,0,4,6
345,313,BK,PA,0,11,9
346,314,BK,PA,0,8,12
347,316,BK,NJ,0,15,15
348,317,BK,PA,0,0,8
349,318,KFC,PA,0,5,7
350,319,KFC,PA,0,0,11
351,322,Roys,NJ,0,8,13
352,325,Roys,NJ,0,4,15
353,333,BK,PA,0,2,16.5
354,336,BK,PA,0,28,12
355,337,BK,NJ,0,5,29.5
356,339,BK,NJ,0,18,6
357,340,BK,PA,0,6,30
358,341,KFC,NJ,0,2,7
359,343,KFC,NJ,0,10,6
360,346,KFC,NJ,0,2,10.5
361,348,Roys,NJ,0,3,10.5
362,350,Roys,NJ,0,8,9
363,351,Roys,NJ,0,2,27.5
364,352,Roys,NJ,0,0,19
365,353,Roys,NJ,0,7.5,22.5
366,355,Wendys,PA,0,2,17
367,359,BK,NJ,0,0,22
368,360,BK,PA,0,3,25
369,361,BK,PA,0,6,13
370,362,KFC,PA,0,6,13
371,363,KFC,PA,0,0,25
372,364,KFC,PA,0,3.5,20
373,366,Roys,PA,0,2,17
374,368,Wendys,PA,0,0,20
375,369,BK,NJ,0,0,15
376,370,BK,PA,0,20,11.5
377,376,BK,PA,0,4,10
378,377,BK,PA,0,12,6
379,379,BK,PA,0,20,12
380,380,BK,PA,0,10,15
381,383,BK,PA,0,6,4
382,384,BK,PA,0,NA,NA
383,385,BK,PA,0,16,14
384,386,BK,PA,0,0,19
385,391,KFC,PA,0,15,5
386,393,KFC,NJ,0,4,10
387,396,Roys,NJ,0,24,16
388,397,Roys,NJ,0,4,28
389,398,Roys,NJ,0,14,13
390,399,Roys,NJ,0,13,8
391,400,Roys,NJ,0,16,15
392,401,Roys,PA,0,8,6
393,402,Roys,NJ,0,11,10
394,405,Roys,NJ,0,6,17
395,410,BK,PA,0,0,35
396,411,BK,PA,0,0,36
397,412,KFC,PA,0,0,17
398,413,BK,PA,0,0,36
399,414,BK,PA,0,0,36
400,415,BK,PA,0,8,32
401,417,BK,NJ,0,4,28
402,418,BK,PA,0,30,15
403,419,KFC,NJ,0,3,10
404,421,KFC,NJ,0,20,10
405,422,KFC,PA,0,0,7
406,423,KFC,NJ,0,2,10
407,424,KFC,NJ,0,3.5,6.5
408,426,Roys,NJ,0,3,33
409,427,Wendys,PA,0,7,8
410,428,Wendys,PA,0,0,33
411,46,BK,PA,1,3.5,35
412,49,KFC,PA,1,0,15
413,506,KFC,NJ,1,3,7
414,56,Wendys,NJ,1,0,36
415,61,Wendys,NJ,1,28,3
416,62,Wendys,NJ,1,NA,NA
417,445,BK,PA,1,15,18
418,451,BK,PA,1,26,9
419,455,KFC,NJ,1,3,12
420,458,KFC,NJ,1,2,9
421,462,Roys,NJ,1,1,25
422,468,BK,PA,1,9,32
423,469,BK,PA,1,7,39
424,470,BK,PA,1,18,10
425,474,BK,PA,1,5,20
426,481,KFC,NJ,1,15,4
427,483,KFC,NJ,1,4,13
428,487,Roys,NJ,1,6,20
429,488,Roys,PA,1,5,15
430,489,Roys,PA,1,2,19
431,490,Roys,NJ,1,2,18
432,493,Roys,NJ,1,0,30
433,495,Roys,PA,1,8,20
434,496,Roys,NJ,1,10,10
435,499,Wendys,NJ,1,0,31
436,509,Roys,NJ,1,5.5,10
437,515,Roys,NJ,1,5,19
438,37,BK,PA,1,6,25
439,39,BK,PA,1,5,15
440,40,BK,PA,1,7,25
441,41,BK,PA,1,0,42
442,42,BK,PA,1,0,22
443,45,BK,PA,1,11,12
444,47,BK,PA,1,0,45
445,48,BK,PA,1,7.5,25
446,50,KFC,PA,1,4,20
447,51,KFC,PA,1,6,15
448,57,Wendys,NJ,1,7,18
449,58,Wendys,NJ,1,0,28
450,59,Wendys,PA,1,0,16
451,60,Wendys,PA,1,10,20
452,407,KFC,NJ,1,1,14
453,430,BK,PA,1,0,48
454,432,BK,PA,1,25,10
455,433,BK,PA,1,0,42
456,434,BK,PA,1,19,29
457,435,BK,PA,1,0,32
458,438,KFC,PA,1,2,9
459,440,Wendys,PA,1,0,30
460,441,Wendys,PA,1,0,30
461,443,Wendys,PA,1,5,20
462,444,Wendys,PA,1,10,35
463,446,BK,PA,1,7,24
464,448,BK,PA,1,8,27
465,449,BK,PA,1,15,15
466,450,BK,PA,1,27.5,8
467,454,KFC,NJ,1,0,18
468,459,Roys,NJ,1,0,20
469,466,Wendys,PA,1,14,12
470,471,BK,PA,1,12,23
471,472,BK,PA,1,8,25
472,473,BK,PA,1,26,15
473,475,BK,PA,1,10,16
474,476,BK,PA,1,5,30
475,477,BK,PA,1,6,20
476,478,BK,PA,1,8,30
477,485,KFC,NJ,1,4,12
478,491,Roys,PA,1,0,0
479,492,Roys,NJ,1,4,15
480,497,Wendys,NJ,1,NA,NA
481,498,Wendys,NJ,1,21,5.5
482,501,BK,PA,1,30,15
483,503,BK,PA,1,35,6.5
484,510,Roys,NJ,1,2.5,17.5
485,511,Roys,NJ,1,3,13
486,514,Roys,PA,1,23,16
487,516,Roys,NJ,1,2,12
488,521,BK,PA,1,0,12
489,522,BK,PA,1,3,23
490,113,BK,PA,1,2,40
491,123,BK,PA,1,5,25
492,135,Roys,PA,1,8,24
493,138,Roys,NJ,1,2,33
494,153,BK,PA,1,26.5,10
495,181,KFC,PA,1,1,15
496,191,Wendys,PA,1,0,25
497,231,BK,PA,1,16,6
498,236,BK,PA,1,23,22
499,254,Wendys,PA,1,28,10
500,255,Wendys,PA,1,8,12
501,294,BK,PA,1,0,35
502,306,Roys,NJ,1,6,20
503,311,Wendys,PA,1,35,30
504,315,BK,PA,1,4.5,20
505,335,BK,NJ,1,7,13
506,372,BK,NJ,1,30,20
507,6,Roys,NJ,1,5,2
508,14,KFC,PA,1,4,17
509,26,BK,PA,1,10,20
510,27,KFC,NJ,1,0,7
511,30,KFC,PA,1,4,3
512,31,KFC,PA,1,6,15
513,33,Roys,PA,1,6,11
514,36,Wendys,PA,1,10,35
515,77,Roys,PA,1,4,60
516,78,Roys,NJ,1,10,12
517,81,Wendys,PA,1,0,45
518,82,Wendys,PA,1,25,8
519,83,Wendys,PA,1,NA,NA
520,85,BK,PA,1,0,35
521,89,BK,NJ,1,6,25
522,94,KFC,PA,1,2,20
523,103,Wendys,PA,1,NA,NA
524,112,Wendys,PA,1,5,25
525,128,KFC,NJ,1,3,16
526,129,Roys,PA,1,7,18
527,131,Roys,PA,1,8,22
528,139,Wendys,PA,1,11,25
529,143,Wendys,PA,1,NA,NA
530,144,Wendys,PA,1,4,37
531,145,BK,PA,1,10,8
532,147,BK,PA,1,6,0
533,148,BK,PA,1,7.5,30
534,151,BK,PA,1,0,0
535,152,BK,PA,1,12,13.5
536,157,KFC,PA,1,12,8
537,161,Roys,NJ,1,26,12
538,163,Roys,NJ,1,1.5,33
539,164,Roys,NJ,1,5,15
540,165,Wendys,PA,1,10,17
541,169,BK,NJ,1,20,6
542,170,BK,NJ,1,20,20
543,187,Roys,PA,1,5,17.5
544,190,Roys,NJ,1,7,30
545,196,Wendys,NJ,1,0,30
546,197,BK,PA,1,5,21
547,234,BK,PA,1,10,4
548,240,Roys,NJ,1,15,15
549,241,Roys,PA,1,15,NA
550,242,Roys,NJ,1,12,10
551,245,Roys,PA,1,8,12
552,259,BK,PA,1,15,15
553,268,BK,NJ,1,0,42.5
554,271,KFC,NJ,1,0,15
555,272,KFC,NJ,1,2,14
556,274,KFC,NJ,1,3,7
557,276,KFC,NJ,1,5,15
558,296,BK,NJ,1,4,9
559,299,KFC,NJ,1,6,12
560,301,KFC,NJ,1,2,7
561,320,KFC,PA,1,4,6
562,321,KFC,PA,1,4,11
563,324,Roys,PA,1,22,39
564,326,Roys,NJ,1,0,45
565,330,Wendys,PA,1,3,20
566,334,BK,PA,1,0,20
567,349,Roys,NJ,1,0,20
568,354,Wendys,PA,1,9,7
569,356,Wendys,PA,1,0,28
570,357,Wendys,PA,1,21,6
571,371,BK,PA,1,11,22
572,373,BK,NJ,1,18,15
573,375,BK,PA,1,0,25
574,378,BK,NJ,1,20,15
575,381,BK,PA,1,15,15
576,403,Roys,NJ,1,11,23
577,406,Wendys,NJ,1,17,22
578,407,Wendys,NJ,1,8,7
579,409,BK,PA,1,0,15
580,1,BK,PA,1,20,40
581,2,BK,PA,1,7.5,10
582,3,KFC,PA,1,4,7
583,4,Roys,PA,1,5,30
584,5,Roys,PA,1,10,30
585,8,Wendys,PA,1,15,25
586,9,BK,PA,1,0,32
587,10,BK,PA,1,15,15
588,11,BK,PA,1,12,24
589,12,BK,PA,1,15,15
590,13,KFC,PA,1,2,11
591,15,Roys,PA,1,5,20
592,16,Roys,PA,1,7,17
593,17,Roys,PA,1,4,35
594,18,Roys,PA,1,8,38
595,19,BK,PA,1,6,44
596,21,KFC,PA,1,0,11
597,22,Roys,PA,1,3,15
598,23,BK,PA,1,14,14
599,24,BK,PA,1,15,20
600,28,KFC,PA,1,6,2
601,29,KFC,PA,1,0,13
602,32,Roys,PA,1,2,25
603,34,Roys,NJ,1,11,7
604,35,Wendys,PA,1,13,18
605,38,BK,PA,1,10,20
606,63,BK,NJ,1,15,10
607,64,BK,PA,1,13,13
608,65,BK,PA,1,NA,NA
609,66,BK,PA,1,26,10
610,67,BK,PA,1,4,17.5
611,68,BK,PA,1,13,17
612,69,BK,PA,1,0,27
613,70,BK,PA,1,10,30
614,71,BK,PA,1,29,14
615,73,KFC,PA,1,14,0
616,75,KFC,PA,1,4,11
617,76,Roys,NJ,1,25,15
618,79,Roys,NJ,1,8,18
619,80,Wendys,PA,1,11,14
620,84,BK,PA,1,12,30
621,86,BK,PA,1,9,12
622,87,BK,PA,1,0,30
623,88,BK,PA,1,4,37
624,91,BK,NJ,1,0,30
625,92,BK,NJ,1,14,6
626,93,BK,NJ,1,5,25
627,95,KFC,PA,1,0,14
628,96,KFC,PA,1,0,15
629,97,KFC,PA,1,2.5,11
630,98,KFC,PA,1,3,13
631,99,Roys,NJ,1,30,50
632,101,Roys,PA,1,10,12
633,102,Roys,PA,1,0,27
634,104,Wendys,PA,1,11,10
635,105,BK,PA,1,0,45
636,106,BK,PA,1,2,25
637,107,BK,NJ,1,13.5,10
638,108,BK,PA,1,11,24
639,111,Roys,PA,1,20,14.5
640,114,BK,PA,1,20,40
641,115,BK,PA,1,6,15
642,116,BK,PA,1,22,12
643,118,BK,PA,1,18,20
644,119,BK,PA,1,18,13
645,120,BK,NJ,1,0,30
646,122,BK,PA,1,10,50
647,124,BK,PA,1,21,6
648,125,KFC,PA,1,0,15
649,130,Roys,NJ,1,2,38
650,132,Roys,NJ,1,15,20
651,133,Roys,NJ,1,3,20
652,134,Roys,PA,1,6,27.5
653,136,Roys,NJ,1,NA,NA
654,137,Roys,NJ,1,12,30
655,140,Wendys,PA,1,5,35
656,141,Wendys,PA,1,10,25
657,142,Wendys,PA,1,40,31
658,146,BK,PA,1,0,32
659,149,BK,PA,1,8,10
660,150,BK,PA,1,12,20
661,156,BK,PA,1,2,18
662,158,KFC,PA,1,3,4
663,159,KFC,PA,1,10,5
664,162,Roys,NJ,1,3,30
665,166,Wendys,PA,1,0,35
666,168,BK,PA,1,0,32
667,171,BK,NJ,1,10,12.5
668,172,BK,PA,1,7,23
669,173,BK,PA,1,11,30
670,174,BK,PA,1,20,20
671,176,BK,PA,1,20,27.5
672,178,KFC,NJ,1,1,10
673,179,KFC,PA,1,2,10
674,180,KFC,PA,1,0,17.5
675,182,KFC,PA,1,0,15
676,183,KFC,PA,1,15,10
677,185,KFC,PA,1,2,6
678,186,Roys,PA,1,12,18
679,189,Roys,PA,1,0,19
680,192,Wendys,PA,1,4.5,30
681,193,Wendys,PA,1,4,9
682,195,Wendys,PA,1,8,25
683,198,BK,PA,1,10,32
684,199,KFC,PA,1,11,3
685,200,BK,PA,1,5,40
686,201,BK,PA,1,16,22
687,202,BK,PA,1,13,11
688,203,BK,PA,1,4,34
689,204,BK,PA,1,12,13.5
690,207,KFC,NJ,1,8.5,6
691,208,Roys,NJ,1,5,32
692,209,Roys,NJ,1,6,37
693,210,Wendys,NJ,1,0,14
694,211,BK,PA,1,2,35
695,212,BK,PA,1,20,15
696,213,BK,NJ,1,12,17.5
697,214,BK,PA,1,0,35
698,215,BK,PA,1,20,10
699,216,KFC,PA,1,2,18
700,217,KFC,NJ,1,0,12
701,218,KFC,NJ,1,5,3
702,219,KFC,NJ,1,9,9
703,220,KFC,PA,1,3,12
704,221,KFC,PA,1,1,15
705,222,Roys,NJ,1,2,15
706,223,Roys,NJ,1,3,20
707,225,Roys,NJ,1,12,25
708,226,Wendys,PA,1,0,26
709,228,Wendys,PA,1,11,19
710,229,BK,PA,1,22,11
711,230,BK,PA,1,15,17
712,232,BK,PA,1,18,10
713,233,BK,PA,1,15,7
714,235,BK,PA,1,NA,28
715,237,BK,PA,1,9,17
716,238,KFC,NJ,1,25,15
717,239,KFC,PA,1,0,19
718,243,Roys,NJ,1,7,22
719,244,Roys,NJ,1,16,12
720,247,Wendys,PA,1,0,40
721,248,Wendys,PA,1,10,14
722,249,BK,PA,1,10,12
723,250,KFC,NJ,1,2,4
724,253,Roys,NJ,1,4,8
725,257,BK,PA,1,NA,NA
726,258,BK,PA,1,20,18
727,260,BK,NJ,1,4,26
728,262,BK,PA,1,0,22.5
729,264,BK,PA,1,0,23
730,265,BK,PA,1,0,0
731,267,BK,PA,1,30,25
732,269,KFC,NJ,1,10,3
733,273,KFC,NJ,1,2,11
734,275,KFC,NJ,1,1,8
735,277,KFC,NJ,1,1,14
736,278,KFC,NJ,1,0,9
737,282,Roys,NJ,1,0,0
738,284,Roys,NJ,1,6,12
739,285,Roys,NJ,1,3,15
740,286,Roys,NJ,1,2,15
741,287,Roys,NJ,1,2,15
742,288,Roys,NJ,1,5,9
743,289,Roys,NJ,1,3,10
744,290,Wendys,PA,1,0,23
745,291,Wendys,PA,1,5,16
746,292,Wendys,PA,1,15,11
747,295,BK,PA,1,NA,21
748,297,BK,NJ,1,15,30
749,303,Roys,NJ,1,12,35
750,304,Roys,PA,1,10,15
751,305,Roys,NJ,1,5,22
752,307,Roys,NJ,1,25,25
753,310,Wendys,PA,1,3,23
754,312,BK,PA,1,3,2
755,313,BK,PA,1,0,30
756,314,BK,PA,1,15,6
757,316,BK,NJ,1,12,14
758,317,BK,PA,1,4,0
759,318,KFC,PA,1,7,6
760,319,KFC,PA,1,22,4
761,322,Roys,NJ,1,12,5
762,325,Roys,NJ,1,1,15
763,333,BK,PA,1,3,20
764,336,BK,PA,1,10,20
765,337,BK,NJ,1,25,5
766,339,BK,NJ,1,5,9
767,340,BK,PA,1,15,17
768,341,KFC,NJ,1,3,7
769,343,KFC,NJ,1,4,11
770,346,KFC,NJ,1,3,12
771,348,Roys,NJ,1,0,0
772,350,Roys,NJ,1,5,20
773,351,Roys,NJ,1,10,20
774,352,Roys,NJ,1,NA,NA
775,353,Roys,NJ,1,NA,31
776,355,Wendys,PA,1,3,17
777,359,BK,NJ,1,0,26
778,360,BK,PA,1,5,32
779,361,BK,PA,1,4,23
780,362,KFC,PA,1,24,4
781,363,KFC,PA,1,14,7
782,364,KFC,PA,1,1,30
783,366,Roys,PA,1,1,19
784,368,Wendys,PA,1,0,25
785,369,BK,NJ,1,0,0
786,370,BK,PA,1,26,5
787,376,BK,PA,1,0,17
788,377,BK,PA,1,11,12
789,379,BK,PA,1,28,6
790,380,BK,PA,1,15,14
791,383,BK,PA,1,7,2
792,384,BK,PA,1,0,30
793,385,BK,PA,1,15,14
794,386,BK,PA,1,14,10
795,391,KFC,PA,1,12,7
796,393,KFC,NJ,1,18,4
797,396,Roys,NJ,1,8,30
798,397,Roys,NJ,1,6,15
799,398,Roys,NJ,1,25,15
800,399,Roys,NJ,1,18,18
801,400,Roys,NJ,1,8,24
802,401,Roys,PA,1,5,27
803,402,Roys,NJ,1,17,5
804,405,Roys,NJ,1,1.5,15
805,410,BK,PA,1,0,35
806,411,BK,PA,1,4,36
807,412,KFC,PA,1,0,13
808,413,BK,PA,1,0,20
809,414,BK,PA,1,13,9
810,415,BK,PA,1,0,38
811,417,BK,NJ,1,13,17
812,418,BK,PA,1,0,35
813,419,KFC,NJ,1,5,5
814,421,KFC,NJ,1,25,7
815,422,KFC,PA,1,5,10
816,423,KFC,NJ,1,19,3.5
817,424,KFC,NJ,1,12,3
818,426,Roys,NJ,1,5,25
819,427,Wendys,PA,1,0,35
820,428,Wendys,PA,1,10,24
